name,cluster_a_stop_ids,cluster_a_lat,cluster_a_lon,cluster_b_stop_ids,cluster_b_lat,cluster_b_lon,distance_m
Kwa DO,0400KDO;0401KDO;0410OAD,-1.274736,36.910454,0801DOS,-1.10794,36.639396,35384
Kwa Kanisa,0210NAK,-1.056994,37.055796,0501KWK,-1.309593,36.914791,32166
Kwa DO,0201WOA;0210WOK,-1.219323,36.903658,0801DOS,-1.10794,36.639396,31882
Kware,0210AWR;0211KRE;0211WAK,-1.189471,36.930218,0500KAE;0501EAR;0510EAR;0510KWR;0513KWR,-1.396723,36.749614,30564
Stadium,0200STD;0210STD;0211STD,-1.221445,36.889881,0700TDI;0701UTM,-1.371035,36.660052,30487
Kona,0400KON,-1.268642,36.920629,0700KON;0701KON,-1.376538,36.676329,29690
Kwa Maji,0400IWK;0401WIA,-1.271033,36.899879,0500KJI,-1.423343,36.695863,28305
Kona,0200RKN;0201RKN,-1.225529,36.874063,0700KON;0701KON,-1.376538,36.676329,27661
Carwash,0401CWS,-1.309111,36.90195,0700CWH,-1.352561,36.658285,27514
Carwash,0401CWS,-1.309111,36.90195,0701CWH,-1.350291,36.659713,27315
Engen,0210GEN,-1.180843,36.98763,0711EGN;0801NEE,-1.264336,36.756641,27306
Bumps,0401BMP,-1.26989,36.90834,0710BUM,-1.332162,36.675225,26824
Engen,0211NGE;0500NNE;0501ENE,-1.174383,36.977669,0711EGN;0801NEE,-1.264336,36.756641,26529
Commercial,0007COM;0512CMC;0512CML,-1.284139,36.826276,0511ECC,-1.47191,36.959853,25621
Mogas,0400GAO,-1.297627,36.872451,0710SAO;0711SOA,-1.354607,36.657574,24713
Kwa Mbao,0111AMK,-1.170485,36.705164,0310MBO,-1.254904,36.909953,24626
Mogas,0401OGS,-1.297857,36.869704,0710SAO;0711SOA,-1.354607,36.657574,24411
Kwa Mbao,0310MBO,-1.254904,36.909953,0701WMA;0710MWA,-1.22901,36.692973,24293
Deliverance Church,0200DEC,-1.241361,36.894047,0700DCR;0701DCT,-1.293949,36.683606,24114
Umoja,0410JUO,-1.294489,36.887519,0701UMJ,-1.331067,36.677003,23753
Commercial,0410COM,-1.303715,36.838689,0511ECC,-1.47191,36.959853,23048
Don Bosco,0211ODO,-1.14698,36.808276,0500DBC,-1.33724,36.72778,22971
Kwa Njenga,0100KNE,-1.220364,36.778455,0500NGA,-1.414989,36.711049,22902
Mwangaza,0311GAM,-1.273445,36.910879,0500AAZ,-1.357552,36.723003,22884
Kwa Mbao,0111AMK,-1.170485,36.705164,0301AWB;0310BAO;0311BAO,-1.261799,36.88444,22368
White House,0400EIH,-1.292953,36.886023,0500WTH,-1.403785,36.718293,22350
Carwash,0111SAR,-1.200971,36.785177,0700CWH,-1.352561,36.658285,21980
Makadara,0401AMA;0411ADR;0412MKD,-1.296446,36.862351,0510ARA;0510MDA;0511MDK;0513MDK,-1.457006,36.974487,21775
Mlangoni,0501MLG,-1.45005,36.968372,0511NOG,-1.30836,36.833746,21730
Don Bosco,0211ODO,-1.14698,36.808276,0700DNO;0701DBO,-1.304222,36.692454,21714
Carwash,0111SAR,-1.200971,36.785177,0701CWH,-1.350291,36.659713,21684
Kwa Mbao,0301AWB;0310BAO;0311BAO,-1.261799,36.88444,0701WMA;0710MWA,-1.22901,36.692973,21595
PCEA,0100APC;0111CEP,-1.18883,36.737379,0401PCE;0410PCE,-1.271099,36.912731,21533
Kwa Maji,0400IWK;0401WIA,-1.271033,36.899879,0700WIJ,-1.259771,36.707484,21425
Mlangoni,0501MLG,-1.45005,36.968372,0510OAI,-1.31089,36.83785,21212
Kona,0100KNA;0111KNA,-1.221168,36.778899,0700KON;0701KON,-1.376538,36.676329,20700
Kwa Bridge,0201ARI,-1.121764,37.006363,0210AIE,-1.249443,36.877874,20140
Acacia,0500ACA;0501ACA,-1.398867,36.725254,0810ACC;0811IAA,-1.220851,36.715486,19824
Caltex/Total,0401CLT;0410LET,-1.301094,36.887714,0500CLX,-1.39586,36.737801,19717
Prison,0210PRS,-1.151878,36.928673,0400NOI;0401PSN,-1.301117,36.837564,19441
Kwa Mbao,0310MBO,-1.254904,36.909953,0700OAA,-1.286319,36.739858,19229
PCEA,0100ACP,-1.184213,36.907515,0100APC;0111CEP,-1.18883,36.737379,18921
Hurlingham,0400MIU,-1.253489,36.961463,0610HUL;0611HUR,-1.294708,36.798043,18736
Slaughter,0101SLT,-1.20523,36.77754,0411GSL,-1.2516,36.937602,18526
Kware,0400KWR;0401KWR,-1.307427,36.889815,0500KAE;0501EAR;0510EAR;0510KWR;0513KWR,-1.396723,36.749614,18479
Slaughter,0101SLT,-1.20523,36.77754,0400TLS,-1.252699,36.935531,18340
Bumps,0100UBP,-1.206464,36.781838,0710BUM,-1.332162,36.675225,18325
Kwa Maji,0500KJI,-1.423343,36.695863,0700WIJ,-1.259771,36.707484,18234
Bumps,0401BMP,-1.26989,36.90834,0701BPS,-1.295017,36.748142,18027
Slaughter,0101SLT,-1.20523,36.77754,0301URE,-1.254616,36.931049,17927
Carwash,0111SAR,-1.200971,36.785177,0401CWS,-1.309111,36.90195,17695
Slaughter,0101SLT,-1.20523,36.77754,0411TRH,-1.257325,36.92289,17165
Zambia,0701ZMB;0710IAA,-1.349624,36.660293,0800EML;0801MAB,-1.269316,36.789785,16940
Likoni,0100LIK;0101LIK,-1.178914,36.760796,0400LKN;0411NII,-1.296483,36.855287,16770
Red Cross,0501RCR,-1.3237,36.833732,0700RCR,-1.279765,36.689714,16739
Kona,0100KNA;0111KNA,-1.221168,36.778899,0400KON,-1.268642,36.920629,16617
Riverside,0200RER;0201VRS,-1.243926,36.880873,0700DRI,-1.276744,36.735277,16592
Riverside,0200RIE,-1.246435,36.880119,0700DRI,-1.276744,36.735277,16451
Kwa Mbao,0301AWB;0310BAO;0311BAO,-1.261799,36.88444,0700OAA,-1.286319,36.739858,16302
Riverside,0200IRR;0201IIR;0211DEV,-1.249107,36.877586,0700DRI,-1.276744,36.735277,16116
Barracks,0211ACB,-1.311665,36.925344,0511ABC,-1.329571,36.782387,16016
Gardens,0700GRS;0701GRD,-1.254366,36.665769,0711EAS,-1.323853,36.790059,15831
Bumps,0100UBP,-1.206464,36.781838,0401BMP,-1.26989,36.90834,15732
Millenium,0500MLN,-1.395977,36.739571,0800MUN;0801NEI,-1.269954,36.795455,15328
Kiambea,0111KEA,-1.198614,36.784122,0811MKE,-1.18809,36.647719,15209
Mutindwa,0400MTW;0403MTW,-1.286228,36.880939,0700MDA;0701MTW,-1.295192,36.744871,15159
Post,0100TPS,-1.149687,36.945525,0400PST;0401POS,-1.281087,36.91374,15032
Post,0100TPS,-1.149687,36.945525,0410TOS,-1.280279,36.911421,15008
Makutano,0100UMT,-1.192345,36.745231,0200MNO;0201MNO,-1.06453,36.783335,14830
Maziwa,0111AWM,-1.193209,36.905093,0510AIW;0511WAM,-1.323262,36.8852,14629
Deliverance Church,0200DEC,-1.241361,36.894047,0510UAE,-1.323649,36.800079,13887
Kware,0210AWR;0211KRE;0211WAK,-1.189471,36.930218,0400KWR;0401KWR,-1.307427,36.889815,13864
Container,0100NCE;0111RNI,-1.204549,36.775466,0111CNT,-1.197222,36.899552,13819
Jacaranda,0401JCN;0403JCN,-1.287487,36.904637,0801JCA,-1.279428,36.783534,13492
Kwa Mbao,0111AMK,-1.170485,36.705164,0700OAA,-1.286319,36.739858,13445
Deliverance Church,0510UAE,-1.323649,36.800079,0700DCR;0701DCT,-1.293949,36.683606,13362
OiLibya,0400IIA;0401ABL,-1.297832,36.85522,0700IBI,-1.2826,36.737149,13234
Elim,0401ILE;0410MLI;0411EIL,-1.293224,36.889589,0701FIR,-1.305088,36.772404,13094
Mamba,0200MBA;0300MAA;0301MBP;0310AMB,-1.269027,36.841807,0511MAM,-1.341175,36.750551,12933
A.P.,0100A.P,-1.178289,36.91196,0210PA.;0211.AP;0510ADP;0511ADP,-1.285194,36.956213,12865
Maziwa,0111AWM,-1.193209,36.905093,0400MZW;0410AMW;0410MIA;0411MZW,-1.293432,36.847442,12856
Civil,0400ILC,-1.263976,36.887678,0711CVL,-1.322672,36.788814,12782
Elim,0401NMA,-1.295153,36.886618,0701FIR,-1.305088,36.772404,12745
Flats,0301FLT,-1.261775,36.872435,0501AFL,-1.322195,36.776149,12638
Mamba,0401MAM,-1.309228,36.859428,0511MAM,-1.341175,36.750551,12614
Kampala,0800AMA;0801AAL;0811AAK,-1.135743,36.635612,0810KPL,-1.240285,36.675546,12443
Flats,0310FLT,-1.261518,36.869833,0501AFL,-1.322195,36.776149,12409
Kwa Farasi,0701KFR,-1.319781,36.714437,0800SFA,-1.238914,36.787202,12095
Likoni,0100LIK;0101LIK,-1.178914,36.760796,0801LKN;0801LNI,-1.283466,36.785627,11949
Kenol,0501KNL;0510LKO,-1.397191,36.755489,0711KNO,-1.354165,36.657739,11873
Jua Kali,0101JLI,-1.211161,36.874486,0501JKL,-1.306085,36.915927,11517
Kampala,0800AMA;0801AAL;0811AAK,-1.135743,36.635612,0811AAP;0811GIT,-1.233224,36.669232,11466
Makutano,0110MKT;0111MKT,-1.159388,36.743562,0200MNO;0201MNO,-1.06453,36.783335,11437
Kenol,0700KEO;0701KNO,-1.304271,36.746779,0711KNO,-1.354165,36.657739,11347
Uchumi,0410DNB;0411NAH,-1.304752,36.883034,0511OTI,-1.325505,36.785327,11104
Full Gospel,0701FGS,-1.251979,36.665049,0710FGP,-1.298354,36.75246,11001
Power,0100POW;0101POW,-1.217394,36.778233,0710WRE,-1.306214,36.740459,10732
Kona,0100KNA;0111KNA,-1.221168,36.778899,0200RKN;0201RKN,-1.225529,36.874063,10591
Bumps,0100UBP,-1.206464,36.781838,0701BPS,-1.295017,36.748142,10535
Joyland,0100JYL;0110LJA;0111LON,-1.204895,36.776598,0700JLD;0711JDO,-1.294823,36.747569,10507
Kenol,0501KNL;0510LKO,-1.397191,36.755489,0700KEO;0701KNO,-1.304271,36.746779,10378
Kwa Kiwanja,0100ANJ;0111WNA,-1.171258,36.91677,0411AJW,-1.262194,36.910661,10134
Uchumi,0410DNB;0411NAH,-1.304752,36.883034,0700MHU,-1.299305,36.793685,9951
Consolata,0500CON;0511CNL,-1.346724,36.765401,0711ATC;0801LOT;0801OLO;0811AAC,-1.26786,36.804635,9794
Consolata,0500CON;0511CNL,-1.346724,36.765401,0700NCS;0700OOT;0811CSL,-1.266654,36.801044,9745
PCEA,0100ACP,-1.184213,36.907515,0401PCE;0410PCE,-1.271099,36.912731,9679
Jua Kali,0101JLI,-1.211161,36.874486,0510KAL,-1.288818,36.839615,9465
Astro,0210RAO,-1.290562,36.947534,0511OST,-1.366473,36.913633,9244
Kwa Ng'ang'a,0101N'G,-1.217757,36.778144,0710KWN;0711KNG,-1.284041,36.729033,9172
Bumps,0701BPS,-1.295017,36.748142,0710BUM,-1.332162,36.675225,9097
Tumaini,0210AIT;0500AUT;0500TNI;0501MIA;0510ITI,-1.279652,36.966439,0401TMI,-1.309272,36.891028,9007
Jua Kali,0211IVO,-1.247538,36.90836,0510KAL,-1.288818,36.839615,8915
Muguku Farm,0110FRM,-1.17646,36.718384,0701UGK,-1.237416,36.666328,8912
Kwa DC,0400CKW;0401.WD;0411KDW,-1.297576,36.867287,0701ADC;0710DAC,-1.305848,36.787555,8911
Site,0100STI;0111ISE,-1.178108,36.7225,0801TIE;0810SIT;0811EIS,-1.180443,36.644223,8706
Jua Kali,0501JKL,-1.306085,36.915927,0510KAL,-1.288818,36.839615,8698
Tumaini,0210AIT;0500AUT;0500TNI;0501MIA;0510ITI,-1.279652,36.966439,0400TMN,-1.297261,36.894332,8252
Kwa Mbao,0700OAA,-1.286319,36.739858,0701WMA;0710MWA,-1.22901,36.692973,8233
OiLibya,0400IIA;0401ABL,-1.297832,36.85522,0501PRI;0510LTY;0511LTI,-1.327286,36.788921,8065
Likoni,0400LKN;0411NII,-1.296483,36.855287,0801LKN;0801LNI,-1.283466,36.785627,7878
OiLibya,0501PRI;0510LTY;0511LTI,-1.327286,36.788921,0700IBI,-1.2826,36.737149,7603
Gate A,0511EAG,-1.319321,36.843266,0511GTA,-1.31256,36.909543,7406
Rounda,0201DNO;0213RNS;0300RND;0302RND;0313RND;0400RAU;0402RAU;0403RAU;0411DRU;0411URD,-1.26263,36.878795,0403RDA,-1.322941,36.8996,7094
Kona,0200RKN;0201RKN,-1.225529,36.874063,0400KON,-1.268642,36.920629,7055
St.Marys,0510MY.,-1.327782,36.712103,0510SR';0511TAY,-1.321799,36.774362,6953
St. Teresa,0210TER;0301SNT;0301TTS;0310AE.;0310EAS;0310SNT;0311.RE,-1.266611,36.847492,0410RAT,-1.279113,36.907067,6767
Uchumi,0410DNB;0411NAH,-1.304752,36.883034,0501DSC,-1.30836,36.822272,6767
Makueni,0511MAK,-1.308527,36.833775,0800NMA;0801MNI,-1.284197,36.779067,6656
Kwa Mbao,0111AMK,-1.170485,36.705164,0701WMA;0710MWA,-1.22901,36.692973,6647
Rounda,0300R0D;0301ROD;0400RND;0411RND,-1.264402,36.908396,0403RDA,-1.322941,36.8996,6582
Jua Kali,0211IVO,-1.247538,36.90836,0501JKL,-1.306085,36.915927,6564
Lenana,0700LEA;0701LNA;0710LNN;0711LNN,-1.308179,36.733131,0710NEA;0710NLA;0800LNN;0801LNN,-1.288903,36.787084,6369
Kwa DO,0201WOA;0210WOK,-1.219323,36.903658,0400KDO;0401KDO;0410OAD,-1.274736,36.910454,6208
St. James,0410TAM,-1.282103,36.879599,0510JAS;0510SJT;0511GEA;0511SST;0511T.E,-1.322463,36.843211,6042
Mvuli,0511LVU,-1.306327,36.823694,0800LMI,-1.262351,36.792899,5969
Neighbours,0200NEH;0201NEH,-1.227143,36.870882,0400BRB,-1.277692,36.876093,5651
Jua Kali,0101JLI,-1.211161,36.874486,0211IVO,-1.247538,36.90836,5527
Don Bosco,0500DBC,-1.33724,36.72778,0700DNO;0701DBO,-1.304222,36.692454,5376
Maziwa,0400MZW;0410AMW;0410MIA;0411MZW,-1.293432,36.847442,0510AIW;0511WAM,-1.323262,36.8852,5350
Tononoka,0310TON;0311TON,-1.257525,36.9024,0411ILP,-1.291838,36.87149,5135
KIE,0310IKE,-1.273677,36.825601,0401KIE,-1.306552,36.856443,5012
KIE,0211KEI,-1.269936,36.830895,0401KIE,-1.306552,36.856443,4964
Tononoka,0310TON;0311TON,-1.257525,36.9024,0410TOA,-1.290867,36.87354,4903
Mamba,0200MBA;0300MAA;0301MBP;0310AMB,-1.269027,36.841807,0401MAM,-1.309228,36.859428,4881
Ngara,0003NGR;0110IRT;0211NGR;0312NGR;0812GRT,-1.27467,36.823904,0500NRA,-1.315974,36.826829,4604
Uchumi,0501DSC,-1.30836,36.822272,0511OTI,-1.325505,36.785327,4528
Ruiru Road Junction,0100RJI;0101RJI,-1.15212,36.919891,0501OUT,-1.153641,36.959947,4456
Metro,0100TOR,-1.215183,36.859565,0210MET,-1.217658,36.898562,4344
Ruiru Road Junction,0100RJI;0101RJI,-1.15212,36.919891,0201CJU;0201DUA,-1.149024,36.95696,4135
Rungiri,0810KAM,-1.23116,36.711048,0810RUG;0811RNG;0811RNR,-1.242882,36.677074,3995
Phase 4 Stage,0310PSE,-1.266817,36.906195,0400PFS;0411PFS,-1.289345,36.882025,3673
Makutano,0100UMT,-1.192345,36.745231,0110MKT;0111MKT,-1.159388,36.743562,3669
Kenol Petrol Station,0311RTO,-1.272629,36.911292,0400INR;0400TOO;0401KNL,-1.283974,36.880364,3662
Number 10,0311TEN,-1.262975,36.863945,0400N10,-1.29319,36.867263,3380
Uchumi,0501DSC,-1.30836,36.822272,0700MHU,-1.299305,36.793685,3334
Number 10,0310TEN,-1.263894,36.861143,0400N10,-1.29319,36.867263,3328
Rounda,0201DNO;0213RNS;0300RND;0302RND;0313RND;0400RAU;0402RAU;0403RAU;0411DRU;0411URD,-1.26263,36.878795,0300R0D;0301ROD;0400RND;0411RND,-1.264402,36.908396,3297
Uchumi,0511OTI,-1.325505,36.785327,0700MHU,-1.299305,36.793685,3058
Kwa Mbao,0301AWB;0310BAO;0311BAO,-1.261799,36.88444,0310MBO,-1.254904,36.909953,2938
K.U.,0111.UK,-1.174814,36.914304,0210KU.;0211K.U;0213MKU,-1.181998,36.937414,2690
Commercial,0007COM;0512CMC;0512CML,-1.284139,36.826276,0410COM,-1.303715,36.838689,2577
Caltex,0400CLT;0402CLT;04O2CLT,-1.301116,36.887875,0400CLX;0400CTE;0401CLX;0411ELC,-1.278584,36.883401,2554
Bandari,0500NDB;0511DNI,-1.326036,36.840311,0501BAN,-1.304526,36.832493,2545
South C,0510OCU,-1.299697,36.824026,0510UHO,-1.31873,36.836418,2525
ICEA,0610GPO;0610INM;0710CAE;0710CEI,-1.284588,36.821082,0811ECA;0811IEC,-1.268729,36.805351,2484
Ndege Road,0500DAD;0500NDG,-1.354827,36.720039,0501NDG,-1.336588,36.72236,2044
New Muthaiga,0100NMT,-1.228621,36.798616,0801NAG;0810MAE,-1.243676,36.792363,1813
Slaughter,0411GSL,-1.2516,36.937602,0411TRH,-1.257325,36.92289,1755
South C,0410THU;0510TSO;0511THC,-1.313984,36.830687,0510OCU,-1.299697,36.824026,1753
Sos,0401SOS;0410SSO,-1.271737,36.878111,0411RUU,-1.284242,36.868916,1726
Shopping Center,0500PHP,-1.311698,36.838293,0510TRP,-1.315248,36.823415,1700
Gitaru,0800GIT,-1.239081,36.674939,0800URI;0811TGI,-1.227882,36.664525,1700
St. Joseph,0210JTS,-1.241112,36.989765,0211SEO,-1.255832,36.985828,1694
Kiambaa,0801AKA,-1.212564,36.659556,0810KBA,-1.198661,36.653775,1674
Kamakis,0210SAI,-1.178673,36.984245,0211AIK;0400KMK;0401KMK,-1.171089,36.972473,1557
South B Stage,0500HZS,-1.315634,36.848468,0603STB;0711EOA,-1.311577,36.835333,1528
